{"name":"aee83b68-665f-4b11-8579-c53059a60a3a","id":"/providers/Microsoft.Flow/flows/aee83b68-665f-4b11-8579-c53059a60a3a","type":"Microsoft.Flow/flows","properties":{"apiId":"/providers/Microsoft.PowerApps/apis/shared_logicflows","displayName":"AutoNumber","definition":{"metadata":{"workflowEntityId":null,"creator":{"id":"920553c9-b2e8-4599-821d-41c874605319","type":"User","tenantId":"145b9516-fb73-4a57-b249-b066afd30295"},"provisioningMethod":"FromDefinition","failureAlertSubscription":true,"clientLastModifiedTime":"2019-05-03T14:54:57.3218504Z"},"$schema":"https://schema.management.azure.com/providers/Microsoft.Logic/schemas/2016-06-01/workflowdefinition.json#","contentVersion":"1.0.0.0","parameters":{"$connections":{"defaultValue":{},"type":"Object"},"$authentication":{"defaultValue":{},"type":"SecureObject"}},"triggers":{"manual":{"type":"Request","kind":"Button","inputs":{"schema":{"type":"object","required":[],"properties":{}}},"runtimeConfiguration":{"concurrency":{"runs":1}}}},"actions":{"Initialize_CurrentYear":{"runAfter":{"Initialize_IDFromAutoIdItem":["Succeeded"]},"type":"InitializeVariable","inputs":{"variables":[{"name":"CurrentYear","type":"String","value":"2000"}]}},"Initialize_IDFromAutoIdItem":{"runAfter":{"OPTION_Initialize_ZeroPadding":["Succeeded"]},"type":"InitializeVariable","inputs":{"variables":[{"name":"IDFromAutoIdItem","type":"Integer","value":0}]}},"Initialize_PaddedNumber":{"runAfter":{"Initialize_TempPaddedNumber":["Succeeded"]},"type":"InitializeVariable","inputs":{"variables":[{"name":"PaddedNumber","type":"String"}]}},"Get_AutoID":{"actions":{"Get_AutoID_items":{"runAfter":{},"metadata":{"flowSystemMetadata":{"swaggerOperationId":"GetItems"}},"type":"ApiConnection","inputs":{"host":{"connection":{"name":"@json(decodeBase64(triggerOutputs().headers['X-MS-APIM-Tokens']))['$connections']['shared_sharepointonline']['connectionId']"},"api":{"runtimeUrl":"https://canada-001.azure-apim.net/apim/sharepointonline"}},"method":"get","path":"/datasets/@{encodeURIComponent(encodeURIComponent('https://YourTenant.sharepoint.com/sites/Autonumber'))}/tables/@{encodeURIComponent(encodeURIComponent('a1cacf8f-60bb-477d-a2c4-0109c9f78029'))}/items","queries":{"$top":1},"authentication":{"type":"Raw","value":"@json(decodeBase64(triggerOutputs().headers['X-MS-APIM-Tokens']))['$ConnectionKey']"}}},"Loop_through_(will_only_be_1)":{"foreach":"@body('Get_AutoID_items')?['value']","actions":{"Set_IDFromAutoIdItem":{"runAfter":{},"type":"SetVariable","inputs":{"name":"IDFromAutoIdItem","value":"@items('Loop_through_(will_only_be_1)')?['ID']"}}},"runAfter":{"Get_AutoID_items":["Succeeded"]},"type":"Foreach"},"Get_AutoID_Item":{"runAfter":{"Loop_through_(will_only_be_1)":["Succeeded"]},"metadata":{"flowSystemMetadata":{"swaggerOperationId":"GetItem"}},"type":"ApiConnection","inputs":{"host":{"connection":{"name":"@json(decodeBase64(triggerOutputs().headers['X-MS-APIM-Tokens']))['$connections']['shared_sharepointonline']['connectionId']"},"api":{"runtimeUrl":"https://canada-001.azure-apim.net/apim/sharepointonline"}},"method":"get","path":"/datasets/@{encodeURIComponent(encodeURIComponent('https://YourTenant.sharepoint.com/sites/Autonumber'))}/tables/@{encodeURIComponent(encodeURIComponent('a1cacf8f-60bb-477d-a2c4-0109c9f78029'))}/items/@{encodeURIComponent(variables('IDFromAutoIdItem'))}","authentication":{"type":"Raw","value":"@json(decodeBase64(triggerOutputs().headers['X-MS-APIM-Tokens']))['$ConnectionKey']"}}}},"runAfter":{"Initialize_FullIdentifier":["Succeeded"]},"type":"Scope"},"Initialize_IndexValue":{"runAfter":{"Initialize_CurrentYear":["Succeeded"]},"type":"InitializeVariable","inputs":{"variables":[{"name":"IndexValue","type":"String"}]}},"Initialize_TempPaddedNumber":{"runAfter":{"Initialize_IndexValue":["Succeeded"]},"type":"InitializeVariable","inputs":{"variables":[{"name":"TempPaddedNumber","type":"String","value":"@variables('ZeroPadding')"}]}},"Initialize_FullIdentifier":{"runAfter":{"Initialize_PaddedNumber":["Succeeded"]},"type":"InitializeVariable","inputs":{"variables":[{"name":"FullIdentifier","type":"String"}]}},"OPTION_Initialize_IncludeDateAfterPrefix":{"runAfter":{},"type":"InitializeVariable","inputs":{"variables":[{"name":"IncludeDateAfterPrefix","type":"Boolean","value":true}]},"description":"Change this if you don't want the Year in the Identfier"},"OPTION_Initialize_ResetIndexEveryYear":{"runAfter":{"OPTION_Initialize_IncludeDateAfterPrefix":["Succeeded"]},"type":"InitializeVariable","inputs":{"variables":[{"name":"ResetIndexEveryYear","type":"Boolean","value":true}]},"description":"Change this if you want the number to increase forever. If it's reset the year should be included or duplicates will be created"},"Update_AutoID":{"actions":{"Update_AutoID_item":{"runAfter":{},"metadata":{"flowSystemMetadata":{"swaggerOperationId":"PatchItem"}},"type":"ApiConnection","inputs":{"host":{"connection":{"name":"@json(decodeBase64(triggerOutputs().headers['X-MS-APIM-Tokens']))['$connections']['shared_sharepointonline']['connectionId']"},"api":{"runtimeUrl":"https://canada-001.azure-apim.net/apim/sharepointonline"}},"method":"patch","body":{"CurrentYear":"@variables('CurrentYear')","CurrentIndex":"@variables('IndexValue')"},"path":"/datasets/@{encodeURIComponent(encodeURIComponent('https://YourTenant.sharepoint.com/sites/Autonumber'))}/tables/@{encodeURIComponent(encodeURIComponent('a1cacf8f-60bb-477d-a2c4-0109c9f78029'))}/items/@{encodeURIComponent(body('Get_AutoID_Item')?['ID'])}","authentication":{"type":"Raw","value":"@json(decodeBase64(triggerOutputs().headers['X-MS-APIM-Tokens']))['$ConnectionKey']"}}}},"runAfter":{"Create_Formatted_ID":["Succeeded"]},"type":"Scope"},"OPTION_Initialize_ZeroPadding":{"runAfter":{"OPTION_Initialize_ResetIndexEveryYear":["Succeeded"]},"type":"InitializeVariable","inputs":{"variables":[{"name":"ZeroPadding","type":"String","value":"000000"}]},"description":"Number of zeros below will be to total length of the padded number. I.e. 0000 will result in 0099"},"Create_Formatted_ID":{"actions":{"Set_PaddedNumber":{"runAfter":{"Append_to_TempPaddedNumber":["Succeeded"]},"type":"SetVariable","inputs":{"name":"PaddedNumber","value":"@{skip(variables('TempPaddedNumber'),sub(length(variables('TempPaddedNumber')),length(variables('ZeroPadding'))))}"}},"Append_to_TempPaddedNumber":{"runAfter":{"Set_Index_based_on_year_and_reset_values":["Succeeded"]},"type":"AppendToStringVariable","inputs":{"name":"TempPaddedNumber","value":"@variables('IndexValue')"}},"Set_CurrentYear":{"runAfter":{},"type":"SetVariable","inputs":{"name":"CurrentYear","value":"@{formatDateTime(utcNow(),'yyyy')}"},"description":"This would generally be set from the Created date of the item that fires the flow not \"NOW()\""},"Set_FullIdentifier_based_on_IncludeDate":{"actions":{"Set_FullIdentifier_(with_Date)":{"runAfter":{},"type":"SetVariable","inputs":{"name":"FullIdentifier","value":"@{body('Get_AutoID_Item')['Title']}@{variables('CurrentYear')}-@{variables('PaddedNumber')}@{body('Get_AutoID_Item')?['Suffix']}"}}},"runAfter":{"Set_PaddedNumber":["Succeeded"]},"else":{"actions":{"Set_FullIdentifier_(no_Date)":{"runAfter":{},"type":"SetVariable","inputs":{"name":"FullIdentifier","value":"@{body('Get_AutoID_Item')['Title']}@{variables('PaddedNumber')}@{body('Get_AutoID_Item')?['Suffix']}"}}}},"expression":{"equals":["@variables('IncludeDateAfterPrefix')",true]},"type":"If"},"Set_Index_based_on_year_and_reset_values":{"actions":{"Set_IndexValue_(reset)":{"runAfter":{},"type":"SetVariable","inputs":{"name":"IndexValue","value":"1"}}},"runAfter":{"Set_CurrentYear":["Succeeded"]},"else":{"actions":{"Set_IndexValue_(increment)":{"runAfter":{},"type":"SetVariable","inputs":{"name":"IndexValue","value":"@{add(int(body('Get_AutoID_Item')?['CurrentIndex']),1)}"}}}},"expression":{"and":[{"not":{"equals":["@body('Get_AutoID_Item')?['CurrentYear']","@variables('CurrentYear')"]}},{"equals":["@variables('ResetIndexEveryYear')",true]}]},"type":"If"}},"runAfter":{"Get_AutoID":["Succeeded"]},"type":"Scope"},"Apply_Formatted_ID":{"actions":{},"runAfter":{"Update_AutoID":["Succeeded"]},"type":"Scope","description":"This is where you would set the FullIdentifier variable to something."}},"outputs":{}},"connectionReferences":{"shared_sharepointonline":{"connectionName":"shared-sharepointonl-e26373e4-e9b5-462b-a78e-2ebfb27dd584","source":"Invoker","id":"/providers/Microsoft.PowerApps/apis/shared_sharepointonline","tier":"NotSpecified"}},"flowFailureAlertSubscribed":false}}